<?xml version="1.0" encoding="UTF-8"?>
<map>
   <appContext helpID="topic_about_xhk_1cp_gt" path="about.html"/>
   <appContext helpID="d1e46246" path="Application.html"/>
   <appContext helpID="d1e47935" path="Document.html"/>
   <appContext helpID="d1e33587" path="BitsPerChannelType.html"/>
   <appContext helpID="d1e26130" path="OpenDocumentType.html"/>
   <appContext helpID="d1e26624" path="SaveDocumentType.html"/>
   <appContext helpID="d1e26997" path="SaveOptionsType.html"/>
   <appContext helpID="d1e27051" path="DialogModes.html"/>
   <appContext helpID="d1e27105" path="DocPositionStyle.html"/>
   <appContext helpID="d1e27160" path="PrintColorHandling.html"/>
   <appContext helpID="d1e27214" path="DocumentMode.html"/>
   <appContext helpID="d1e27344" path="ChangeMode.html"/>
   <appContext helpID="d1e27465" path="ColorProfileType.html"/>
   <appContext helpID="d1e27519" path="DocumentFill.html"/>
   <appContext helpID="d1e27573" path="Urgency.html"/>
   <appContext helpID="d1e27719" path="Orientation.html"/>
   <appContext helpID="d1e27758" path="Intent.html"/>
   <appContext helpID="d1e27839" path="Direction.html"/>
   <appContext helpID="d1e27878" path="PurgeTarget.html"/>
   <appContext helpID="d1e27947" path="AnchorPosition.html"/>
   <appContext helpID="d1e28092" path="ResampleMethod.html"/>
   <appContext helpID="d1e28235" path="OperatingSystem.html"/>
   <appContext helpID="d1e28274" path="ForcedColors.html"/>
   <appContext helpID="d1e28343" path="PaletteType.html"/>
   <appContext helpID="d1e28549" path="DitherType.html"/>
   <appContext helpID="d1e28618" path="MacPreviewType.html"/>
   <appContext helpID="d1e28718" path="SaveEncoding.html"/>
   <appContext helpID="d1e28819" path="FormatOptionsType.html"/>
   <appContext helpID="d1e28873" path="PDFEncodingType.html"/>
   <appContext helpID="d1e29109" path="PDFStandardType.html"/>
   <appContext helpID="d1e29212" path="PDFCompatibilityType.html"/>
   <appContext helpID="d1e29296" path="PDFResampleType.html"/>
   <appContext helpID="d1e29365" path="PICTCompression.html"/>
   <appContext helpID="d1e29450" path="MacExtensionType.html"/>
   <appContext helpID="d1e29504" path="TiffEncodingType.html"/>
   <appContext helpID="d1e29573" path="LayerCompressionType.html"/>
   <appContext helpID="d1e29612" path="ByteOrderType.html"/>
   <appContext helpID="d1e29651" path="DCSType.html"/>
   <appContext helpID="d1e29705" path="TrimType.html"/>
   <appContext helpID="d1e29760" path="ColorPicker.html"/>
   <appContext helpID="d1e29829" path="ResetTarget.html"/>
   <appContext helpID="d1e29883" path="SaveBehavior.html"/>
   <appContext helpID="d1e29937" path="PaintingCursors.html"/>
   <appContext helpID="d1e29994" path="OtherPaintingCursors.html"/>
   <appContext helpID="d1e30033" path="GridSize.html"/>
   <appContext helpID="d1e30103" path="Units.html"/>
   <appContext helpID="d1e30218" path="TypeUnits.html"/>
   <appContext helpID="d1e30272" path="PointType.html"/>
   <appContext helpID="d1e30311" path="GridLineStyle.html"/>
   <appContext helpID="d1e30365" path="GuideLineStyle.html"/>
   <appContext helpID="d1e30404" path="BlendMode.html"/>
   <appContext helpID="d1e30835" path="ColorBlendMode.html"/>
   <appContext helpID="d1e31271" path="RasterizeType.html"/>
   <appContext helpID="d1e31371" path="Justification.html"/>
   <appContext helpID="d1e31486" path="AntiAlias.html"/>
   <appContext helpID="d1e31570" path="Case.html"/>
   <appContext helpID="d1e31624" path="Language.html"/>
   <appContext helpID="d1e31891" path="TextType.html"/>
   <appContext helpID="d1e31930" path="WarpStyle.html"/>
   <appContext helpID="d1e32181" path="TextComposer.html"/>
   <appContext helpID="d1e32226" path="AutoKernType.html"/>
   <appContext helpID="d1e32280" path="StrikeThruType.html"/>
   <appContext helpID="d1e32334" path="UnderlineType.html"/>
   <appContext helpID="d1e32389" path="SelectionType.html"/>
   <appContext helpID="d1e32458" path="ExportType.html"/>
   <appContext helpID="d1e32497" path="IllustratorPathType.html"/>
   <appContext helpID="d1e32551" path="ChannelType.html"/>
   <appContext helpID="d1e34334" path="CopyrightedType.html"/>
   <appContext helpID="d1e34388" path="BitmapConversionType.html"/>
   <appContext helpID="d1e34476" path="BitmapHalfToneType.html"/>
   <appContext helpID="d1e34576" path="MatteType.html"/>
   <appContext helpID="d1e34691" path="AdjustmentReference.html"/>
   <appContext helpID="d1e34730" path="OpenDocumentMode.html"/>
   <appContext helpID="d1e34799" path="NewDocumentMode.html"/>
   <appContext helpID="d1e34883" path="PhotoCDColorSpace.html"/>
   <appContext helpID="d1e34953" path="StrokeLocation.html"/>
   <appContext helpID="d1e35107" path="JavaScriptExecutionMode.html"/>
   <appContext helpID="d1e35161" path="SourceSpaceType.html"/>
   <appContext helpID="d1e35200" path="LayerKind.html"/>
   <appContext helpID="d1e35573" path="TransitionType.html"/>
   <appContext helpID="d1e35856" path="GalleryFontType.html"/>
   <appContext helpID="d1e35925" path="GalleryConstrainType.html"/>
   <appContext helpID="d1e35979" path="GalleryThumbSizeType.html"/>
   <appContext helpID="d1e36048" path="GallerySecurityType.html"/>
   <appContext helpID="d1e36163" path="PicturePackageTextType.html"/>
   <appContext helpID="d1e36278" path="GallerySecurityTextColorType.html"/>
   <appContext helpID="d1e36333" path="GallerySecurityTextPositionType.html"/>
   <appContext helpID="d1e36417" path="GallerySecurityTextRotateType.html"/>
   <appContext helpID="d1e36501" path="QueryStateType.html"/>
   <appContext helpID="d1e36555" path="SaveLogItemsType.html"/>
   <appContext helpID="d1e36609" path="EditLogItemsType.html"/>
   <appContext helpID="d1e37107" path="BatchDestinationType.html"/>
   <appContext helpID="d1e37161" path="FileNamingType.html"/>
   <appContext helpID="d1e37443" path="DepthMapSource.html"/>
   <appContext helpID="d1e37513" path="Geometry.html"/>
   <appContext helpID="d1e37613" path="ColorReductionType.html"/>
   <appContext helpID="d1e37758" path="CameraRAWSettingsType.html"/>
   <appContext helpID="d1e37812" path="WhiteBalanceType.html"/>
   <appContext helpID="d1e37957" path="ColorSpaceType.html"/>
   <appContext helpID="d1e38026" path="CameraRAWSize.html"/>
   <appContext helpID="d1e38127" path="MagnificationType.html"/>
   <appContext helpID="d1e38166" path="CropToType.html"/>
   <appContext helpID="d1e38266" path="FontPreviewType.html"/>
   <appContext helpID="d1e38420" path="MeasurementSource.html"/>
   <appContext helpID="d1e38474" path="MeasurementRange.html"/>
   <appContext helpID="d1e49330" path="DocumentInfo.html"/>
   <appContext helpID="d1e49643" path="Preferences.html"/>
   <appContext helpID="d1e50768" path="Selection.html"/>
   <appContext helpID="d1e51657" path="LayerSet.html"/>
   <appContext helpID="d1e51762" path="ArtLayer.html"/>
   <appContext helpID="d1e54501" path="Layer.html"/>
   <appContext helpID="d1e54920" path="Channel.html"/>
   <appContext helpID="d1e55186" path="HistoryState.html"/>
   <appContext helpID="d1e55237" path="TextFont.html"/>
   <appContext helpID="d1e55313" path="TextItem.html"/>
   <appContext helpID="d1e56081" path="LayerComp.html"/>
   <appContext helpID="d1e56718" path="MeasurementLog.html"/>
   <appContext helpID="d1e56813" path="MeasurementScale.html"/>
   <appContext helpID="d1e56965" path="CountItem.html"/>
   <appContext helpID="d1e57030" path="ColorSampler.html"/>
   <appContext helpID="d1e57127" path="XMPMetadata.html"/>
   <appContext helpID="d1e43367" path="DocumentConversionOptions.html"/>
   <appContext helpID="d1e43375" path="BitmapConversionOptions.html"/>
   <appContext helpID="d1e43466" path="IndexedConversionOptions.html"/>
   <appContext helpID="d1e44320" path="PresentationOptions.html"/>
   <appContext helpID="d1e44456" path="GalleryOptions.html"/>
   <appContext helpID="d1e44631" path="GalleryBannerOptions.html"/>
   <appContext helpID="d1e44734" path="GalleryImagesOptions.html"/>
   <appContext helpID="d1e44958" path="GalleryThumbnailOptions.html"/>
   <appContext helpID="d1e45161" path="GalleryCustomColorOptions.html"/>
   <appContext helpID="d1e45243" path="GallerySecurityOptions.html"/>
   <appContext helpID="d1e45373" path="ContactSheetOptions.html"/>
   <appContext helpID="d1e45649" path="PicturePackageOptions.html"/>
   <appContext helpID="d1e45844" path="BatchOptions.html"/>
   <appContext helpID="d1e33487" path="PhotoCDSize.html"/>
   <appContext helpID="d1e40296" path="OpenOptions.html"/>
   <appContext helpID="d1e40304" path="PhotoCDOpenOptions.html"/>
   <appContext helpID="d1e40376" path="RawFormatOpenOptions.html"/>
   <appContext helpID="d1e40502" path="GenericPDFOpenOptions.html"/>
   <appContext helpID="d1e40684" path="GenericEPSOpenOptions.html"/>
   <appContext helpID="d1e40769" path="DICOMOpenOptions.html"/>
   <appContext helpID="d1e40866" path="CameraRAWOpenOptions.html"/>
   <appContext helpID="d1e33656" path="PICTBitsPerPixels.html"/>
   <appContext helpID="d1e33741" path="TargaBitsPerPixels.html"/>
   <appContext helpID="d1e34113" path="BMPDepthType.html"/>
   <appContext helpID="d1e41257" path="SaveOptions.html"/>
   <appContext helpID="d1e41311" path="PhotoshopSaveOptions.html"/>
   <appContext helpID="d1e41384" path="BMPSaveOptions.html"/>
   <appContext helpID="d1e41462" path="GIFSaveOptions.html"/>
   <appContext helpID="d1e41598" path="EPSSaveOptions.html"/>
   <appContext helpID="d1e41737" path="JPEGSaveOptions.html"/>
   <appContext helpID="d1e41827" path="PDFSaveOptions.html"/>
   <appContext helpID="d1e42234" path="PICTFileSaveOptions.html"/>
   <appContext helpID="d1e42298" path="PICTResourceSaveOptions.html"/>
   <appContext helpID="d1e42392" path="PixarSaveOptions.html"/>
   <appContext helpID="d1e42416" path="PNGSaveOptions.html"/>
   <appContext helpID="d1e42464" path="RawSaveOptions.html"/>
   <appContext helpID="d1e42500" path="SGIRGBSaveOptions.html"/>
   <appContext helpID="d1e42536" path="TargaSaveOptions.html"/>
   <appContext helpID="d1e42591" path="TiffSaveOptions.html"/>
   <appContext helpID="d1e42764" path="DCS1_SaveOptions.html"/>
   <appContext helpID="d1e42891" path="DCS2_SaveOptions.html"/>
   <appContext helpID="d1e43045" path="ExportOptions.html"/>
   <appContext helpID="d1e43053" path="ExportOptionsIllustrator.html"/>
   <appContext helpID="d1e43092" path="ExportOptionsSaveForWeb.html"/>
   <appContext helpID="d1e32620" path="RadialBlurMethod.html"/>
   <appContext helpID="d1e32659" path="RadialBlurQuality.html"/>
   <appContext helpID="d1e32714" path="SmartBlurQuality.html"/>
   <appContext helpID="d1e32768" path="SmartBlurMode.html"/>
   <appContext helpID="d1e32828" path="TextureType.html"/>
   <appContext helpID="d1e32912" path="PolarConversionType.html"/>
   <appContext helpID="d1e32951" path="RippleSize.html"/>
   <appContext helpID="d1e33005" path="UndefinedAreas.html"/>
   <appContext helpID="d1e33045" path="OffsetUndefinedAreas.html"/>
   <appContext helpID="d1e33099" path="SpherizeMode.html"/>
   <appContext helpID="d1e33153" path="DisplacementMapType.html"/>
   <appContext helpID="d1e33192" path="WaveType.html"/>
   <appContext helpID="d1e33246" path="ZigZagType.html"/>
   <appContext helpID="d1e33300" path="NoiseDistribution.html"/>
   <appContext helpID="d1e33340" path="LensType.html"/>
   <appContext helpID="d1e33409" path="EliminateFields.html"/>
   <appContext helpID="d1e33448" path="CreateFields.html"/>
   <appContext helpID="d1e43584" path="Color.html"/>
   <appContext helpID="d1e43801" path="GrayColor.html"/>
   <appContext helpID="d1e43859" path="RGBColor.html"/>
   <appContext helpID="d1e44024" path="CMYKColor.html"/>
   <appContext helpID="d1e44135" path="LabColor.html"/>
   <appContext helpID="d1e44222" path="HSBColor.html"/>
   <appContext helpID="d1e44309" path="NoColor.html"/>
   <appContext helpID="d1e36663" path="PathKind.html"/>
   <appContext helpID="d1e36748" path="ShapeOperation.html"/>
   <appContext helpID="d1e36817" path="PointKind.html"/>
   <appContext helpID="d1e36856" path="ToolType.html"/>
   <appContext helpID="d1e56224" path="PathItem.html"/>
   <appContext helpID="d1e56579" path="SubPathItem.html"/>
   <appContext helpID="d1e56642" path="PathPoint.html"/>
   <appContext helpID="d1e46028" path="SubPathInfo.html"/>
   <appContext helpID="d1e46075" path="PathPointInfo.html"/>
   <appContext helpID="d1e56889" path="Notifier.html"/>
   <appContext helpID="d1e46195" path="ActionDescriptor.html"/>
   <appContext helpID="d1e46217" path="ActionList.html"/>
   <appContext helpID="d1e46238" path="ActionReference.html"/>
   <appContext helpID="d1e38514" path="Documents.html"/>
   <appContext helpID="d1e38743" path="Layers.html"/>
   <appContext helpID="d1e38837" path="LayerSets.html"/>
   <appContext helpID="d1e38943" path="ArtLayers.html"/>
   <appContext helpID="d1e39049" path="Channels.html"/>
   <appContext helpID="d1e39155" path="Guides.html"/>
   <appContext helpID="d1e39261" path="HistoryStates.html"/>
   <appContext helpID="d1e39348" path="LayerComps.html"/>
   <appContext helpID="d1e39522" path="TextFonts.html"/>
   <appContext helpID="d1e39609" path="PathItems.html"/>
   <appContext helpID="d1e39740" path="SubPathItems.html"/>
   <appContext helpID="d1e39827" path="PathPoints.html"/>
   <appContext helpID="d1e39915" path="Notifiers.html"/>
   <appContext helpID="d1e40062" path="CountItems.html"/>
   <appContext helpID="d1e40179" path="ColorSamplers.html"/>
   <appContext helpID="d1e57166" path="Point.html"/>
   <appContext helpID="d1e57238" path="Rectangle.html"/>
   <appContext helpID="d1e62" path="$.html"/>
   <appContext helpID="d1e624" path="Object.html"/>
   <appContext helpID="d1e968" path="Array.html"/>
   <appContext helpID="d1e1395" path="Math.html"/>
   <appContext helpID="d1e2080" path="Date.html"/>
   <appContext helpID="d1e3580" path="Function.html"/>
   <appContext helpID="d1e3818" path="global.html"/>
   <appContext helpID="d1e4543" path="String.html"/>
   <appContext helpID="d1e5437" path="Number.html"/>
   <appContext helpID="d1e5707" path="Boolean.html"/>
   <appContext helpID="d1e5802" path="RegExp.html"/>
   <appContext helpID="d1e6174" path="Error.html"/>
   <appContext helpID="d1e6276" path="File.html"/>
   <appContext helpID="d1e7567" path="Folder.html"/>
   <appContext helpID="d1e8410" path="Socket.html"/>
   <appContext helpID="d1e8761" path="ReflectionInfo.html"/>
   <appContext helpID="d1e8927" path="Reflection.html"/>
   <appContext helpID="d1e9093" path="QName.html"/>
   <appContext helpID="d1e9192" path="Namespace.html"/>
   <appContext helpID="d1e9288" path="XML.html"/>
   <appContext helpID="d1e10249" path="XMLList.html"/>
   <appContext helpID="d1e10264" path="UnitValue.html"/>
   <appContext helpID="d1e10471" path="ScriptUISUI.html"/>
   <appContext helpID="d1e10773" path="WindowSUI.html"/>
   <appContext helpID="d1e12285" path="LayoutManagerSUI.html"/>
   <appContext helpID="d1e12523" path="ScriptUIGraphicsSUI.html"/>
   <appContext helpID="d1e12315" path="ScriptUIPenSUI.html"/>
   <appContext helpID="d1e12407" path="ScriptUIBrushSUI.html"/>
   <appContext helpID="d1e12482" path="ScriptUIPathSUI.html"/>
   <appContext helpID="d1e13646" path="ScriptUIFontSUI.html"/>
   <appContext helpID="d1e13733" path="ScriptUIImageSUI.html"/>
   <appContext helpID="d1e13482" path="DrawStateSUI.html"/>
   <appContext helpID="d1e13799" path="StaticTextSUI.html"/>
   <appContext helpID="d1e14430" path="ButtonSUI.html"/>
   <appContext helpID="d1e15087" path="IconButtonSUI.html"/>
   <appContext helpID="d1e15708" path="EditTextSUI.html"/>
   <appContext helpID="d1e16445" path="ListBoxSUI.html"/>
   <appContext helpID="d1e17343" path="DropDownListSUI.html"/>
   <appContext helpID="d1e18132" path="ListItemSUI.html"/>
   <appContext helpID="d1e18347" path="CheckboxSUI.html"/>
   <appContext helpID="d1e19029" path="ScrollbarSUI.html"/>
   <appContext helpID="d1e19742" path="RadioButtonSUI.html"/>
   <appContext helpID="d1e20421" path="SliderSUI.html"/>
   <appContext helpID="d1e21113" path="ProgressbarSUI.html"/>
   <appContext helpID="d1e21653" path="TreeViewSUI.html"/>
   <appContext helpID="d1e22477" path="FlashPlayerSUI.html"/>
   <appContext helpID="d1e23094" path="GroupSUI.html"/>
   <appContext helpID="d1e23819" path="PanelSUI.html"/>
   <appContext helpID="d1e24620" path="PointSUI.html"/>
   <appContext helpID="d1e24698" path="DimensionSUI.html"/>
   <appContext helpID="d1e24752" path="BoundsSUI.html"/>
   <appContext helpID="d1e24880" path="UIEventSUI.html"/>
   <appContext helpID="d1e25275" path="EventSUI.html"/>
   <appContext helpID="d1e25444" path="EnvironmentSUI.html"/>
   <appContext helpID="d1e25474" path="EventsSUI.html"/>
   <appContext helpID="d1e25534" path="KeyboardStateSUI.html"/>
</map>
